<?xml version="1.0"?>
<!--
** DO NOT EDIT THIS FILE.
** If you make changes to this file while any VirtualBox related application
** is running, your changes will be overwritten later, without taking effect.
** Use VBoxManage or the VirtualBox Manager GUI to make changes.
-->
<VirtualBox xmlns="http://www.virtualbox.org/" version="1.14-windows">
  <Machine uuid="{87bb8c18-a755-46c6-ba82-2a0deb17bac3}" name="Nougat32" OSType="Linux">
    <MediaRegistry>
      <HardDisks>
        <HardDisk uuid="{4da0cf19-7a5d-474d-9748-2c31c11fbbd6}" location="fastboot.vdi" format="VDI" type="Readonly" />
        <HardDisk uuid="{fca296ce-8268-4ed7-a57f-d32ec11ab304}" location="Root.vhd" format="VHD" type="Readonly" />
        <HardDisk uuid="{a9d1a5d3-cd0c-4169-9284-69b19f57b517}" location="Data.vhdx" format="VHDX" type="Normal" />
      </HardDisks>
      <FloppyImages />
    </MediaRegistry>
    <ExtraData>
      <ExtraDataItem name="VBoxInternal/Devices/bstaudio/0/PCIBusNo" value="0" />
      <ExtraDataItem name="VBoxInternal/Devices/bstaudio/0/PCIDeviceNo" value="9" />
      <ExtraDataItem name="VBoxInternal/Devices/bstaudio/0/PCIFunctionNo" value="0" />
      <ExtraDataItem name="VBoxInternal/Devices/bstcamera/0/PCIBusNo" value="0" />
      <ExtraDataItem name="VBoxInternal/Devices/bstcamera/0/PCIDeviceNo" value="16" />
      <ExtraDataItem name="VBoxInternal/Devices/bstcamera/0/PCIFunctionNo" value="0" />
      <ExtraDataItem name="VBoxInternal/Devices/bstvmsg/0/PCIBusNo" value="0" />
      <ExtraDataItem name="VBoxInternal/Devices/bstvmsg/0/PCIDeviceNo" value="10" />
      <ExtraDataItem name="VBoxInternal/Devices/bstvmsg/0/PCIFunctionNo" value="0" />
      <ExtraDataItem name="VBoxInternal/Devices/bstserial/0/Junk" value="0" />
      <ExtraDataItem name="VBoxInternal/Devices/bstpgaipc/0/PCIBusNo" value="0" />
      <ExtraDataItem name="VBoxInternal/Devices/bstpgaipc/0/PCIDeviceNo" value="14" />
      <ExtraDataItem name="VBoxInternal/Devices/bstpgaipc/0/PCIFunctionNo" value="0" />
      <ExtraDataItem name="VBoxInternal/PDM/Devices/bstdevices/Path" value="C:\Program Files\BlueStacks_nxt\HD-Vdes-Service.dll" />
      <ExtraDataItem name="VBoxInternal2/SavestateOnBatteryLow" value="0" />
      <ExtraDataItem name="VBoxInternal/Devices/virtio-net/0/LUN#0/Config/UseHostResolver" value="1" />
      <ExtraDataItem name="VBoxInternal/CPUM/HostCPUID/00000001/ecx" value="0x201" />
      <ExtraDataItem name="VBoxInternal/CPUM/IsaExts/AVX2" value="1" />
      <ExtraDataItem name="VBoxInternal/TM/TSCMode" value="RealTSCOffset" />
      <ExtraDataItem name="VBoxInternal/GIM/Provider" value="KVM" />
    </ExtraData>
    <Hardware version="2">
      <CPU count="2" hotplug="false">
        <HardwareVirtEx enabled="true" />
        <HardwareVirtExNestedPaging enabled="true" />
        <HardwareVirtExVPID enabled="true" />
        <HardwareVirtExUX enabled="true" />
        <PAE enabled="true" />
        <LongMode enabled="true" />
        <X2APIC enabled="true" />
        <HardwareVirtExLargePages enabled="true" />
        <HardwareVirtForce enabled="false" />
      </CPU>
      <Memory RAMSize="1800" PageFusion="false" />
      <HID Pointing="USBTablet" Keyboard="PS2Keyboard" />
      <Chipset type="ICH9" />
      <Boot>
        <Order position="1" device="HardDisk" />
        <Order position="2" device="None" />
        <Order position="3" device="None" />
        <Order position="4" device="None" />
      </Boot>
      <Display controller="None" VRAMSize="12" monitorCount="1" accelerate3D="false" accelerate2DVideo="false" />
      <VideoCapture enabled="false" screens="18446744073709551615" horzRes="1024" vertRes="768" rate="512" fps="25" />
      <RemoteDisplay enabled="false" authType="Null" authTimeout="5000" />
      <BIOS>
        <ACPI enabled="true" />
        <IOAPIC enabled="true" />
        <Logo fadeIn="false" fadeOut="false" displayTime="0" />
        <BootMenu mode="Disabled" />
        <TimeOffset value="0" />
        <PXEDebug enabled="false" />
      </BIOS>
      <Network>
        <Adapter slot="0" enabled="true" MACAddress="0800270E38B3" cable="true" speed="0" type="virtio">
          <DisabledModes>
            <InternalNetwork name="intnet" />
            <NATNetwork name="NatNetwork" />
          </DisabledModes>
          <NAT>
            <DNS pass-domain="true" use-proxy="false" use-host-resolver="false" />
            <Alias logging="false" proxy-only="false" use-same-ports="false" />
          </NAT>
        </Adapter>
      </Network>
      <UART>
        <Port slot="0" enabled="false" IOBase="0x3f8" IRQ="4" hostMode="Disconnected" />
        <Port slot="1" enabled="false" IOBase="0x2f8" IRQ="3" hostMode="Disconnected" />
      </UART>
      <LPT>
        <Port slot="0" enabled="false" IOBase="0x378" IRQ="7" />
        <Port slot="1" enabled="false" IOBase="0x378" IRQ="7" />
      </LPT>
      <AudioAdapter controller="AC97" driver="Null" enabled="false" />
      <RTC localOrUTC="UTC" />
      <SharedFolders>
        <SharedFolder name="Documents" hostPath="C:\Users\pc\Documents" writable="true" autoMount="false" />
        <SharedFolder name="Pictures" hostPath="C:\Users\pc\Pictures" writable="true" autoMount="false" />
        <SharedFolder name="InputMapper" hostPath="C:\ProgramData\BlueStacks_nxt\Engine\UserData\InputMapper" writable="true" autoMount="false" />
        <SharedFolder name="BstSharedFolder" hostPath="C:\ProgramData\BlueStacks_nxt\Engine\UserData\SharedFolder" writable="true" autoMount="false" />
      </SharedFolders>
      <Clipboard mode="Disabled" />
      <DragAndDrop mode="Disabled" />
      <IO>
        <IoCache enabled="true" size="5" />
        <BandwidthGroups />
      </IO>
      <HostPci>
        <Devices />
      </HostPci>
      <EmulatedUSB>
        <CardReader enabled="false" />
      </EmulatedUSB>
      <Guest memoryBalloonSize="0" />
      <GuestProperties />
    </Hardware>
    <StorageControllers>
      <StorageController name="IDE" type="PIIX3" PortCount="2" useHostIOCache="true" Bootable="true">
        <AttachedDevice type="HardDisk" hotpluggable="false" port="0" device="0">
          <Image uuid="{4da0cf19-7a5d-474d-9748-2c31c11fbbd6}" />
        </AttachedDevice>
      </StorageController>
      <StorageController name="SATA" type="AHCI" PortCount="2" useHostIOCache="true" Bootable="false" IDE0MasterEmulationPort="0" IDE0SlaveEmulationPort="1" IDE1MasterEmulationPort="2" IDE1SlaveEmulationPort="3">
        <AttachedDevice type="HardDisk" port="0" device="0">
          <Image uuid="{fca296ce-8268-4ed7-a57f-d32ec11ab304}" />
        </AttachedDevice>
        <AttachedDevice type="HardDisk" port="1" device="0">
          <Image uuid="{a9d1a5d3-cd0c-4169-9284-69b19f57b517}" />
        </AttachedDevice>
      </StorageController>
    </StorageControllers>
  </Machine>
</VirtualBox>